klinikk_id,kjede,klinikk_navn,adresse,postnummer,by,klinikk_url,prisliste_url,helsesmart_url,prisliste_struktur,notes
odontia__oslo_sentrum,odontia,Odontia Oslo Sentrum,Skippergata 33,0154,Oslo,https://odontia.no/tannlege/oslo-sentrum,https://odontia.no/prisliste/tannlege-oslo-sentrum/,,per_klinikk,
odontia__molde,odontia,Odontia Molde,Verftsgata 10,6416,Molde,https://odontia.no/tannlege/molde,https://odontia.no/prisliste/tannlege-molde/,,per_klinikk,
odontia__hoenefoss,odontia,Odontia Hønefoss,Storgata 19,3510,Hønefoss,https://odontia.no/tannlege/honefoss,https://odontia.no/prisliste/honefoss/,,per_klinikk,
colosseum__central,colosseum,Colosseum (sentral prisliste),,,,,https://colosseumtannlege.no/priser-tannlegebehandling/,,sentral,
colosseum__majorstuen,colosseum,Colosseum Majorstuen tannlege,Sørkedalsveien 10C,0369,Oslo,https://colosseumtannlege.no/klinikker/oslo/majorstuen/majorstuen-tannlege/,https://colosseumtannlege.no/priser-tannlegebehandling/,https://www.helsesmart.no/klinikk/colosseum-tannlege-majorstuen-12541/priser/,peker_på_sentral,
colosseum__stortingsgata,colosseum,Colosseum Stortingsgata,Sentrum,0161,Oslo,https://colosseumtannlege.no/klinikker/oslo/nationaltheatret/stortingsgata/,https://colosseumtannlege.no/priser-tannlegebehandling/,,peker_på_sentral,
colosseum__bergen_wallendahl,colosseum,Colosseum Wallendahl (Bergen),Bergenhus,5013,Bergen,https://colosseumtannlege.no/klinikker/vestland/bergen/wallendahl/,https://colosseumtannlege.no/priser-tannlegebehandling/,,peker_på_sentral,
colosseum__trondheim_innherredsveien,colosseum,Colosseum Innherredsveien (Trondheim),Innherredsveien 7a,7014,Trondheim,https://colosseumtannlege.no/klinikker/trondelag/trondheim/innherredsveien/,https://colosseumtannlege.no/priser-tannlegebehandling/,,peker_på_sentral,
colosseum__stavanger_sentrum,colosseum,Colosseum Stavanger Sentrum,St. Olavs Gate 7,4005,Stavanger,https://colosseumtannlege.no/klinikker/rogaland/stavanger/sentrum/,https://colosseumtannlege.no/priser-tannlegebehandling/,,peker_på_sentral,
oris__central,oris,Oris Dental (sentral prisliste),,,,,https://orisdental.no/prisliste,,sentral,
oris__aker_brygge,oris,Oris Aker Brygge,"""address"":""Grundingen 6",0250,Oslo,https://orisdental.no/klinikker/aker-brygge,https://orisdental.no/prisliste,,peker_på_sentral,
oris__bodo,oris,Oris Bodø,"""address"":""Dronningensgate 102",8006,Bodø,https://orisdental.no/klinikker/bodo,https://orisdental.no/prisliste,,peker_på_sentral,
oris__arendal,oris,Oris Arendal,"""address"":""Torvet 10",4836,Arendal,https://orisdental.no/klinikker/arendal,https://orisdental.no/prisliste,,peker_på_sentral,
oris__arken_asane,oris,Oris Arken Åsane (Bergen),"""address"":""Åsane Senter 37",5116,UIset,https://orisdental.no/klinikker/arken-asane,https://orisdental.no/prisliste,,peker_på_sentral,
oc__tannlegesenteret_taasen,oc,OC Tannlegesenteret – Oslo (Tåsen),Bergrådveien 13,0873,Oslo,https://www.octannklinikker.no/klinikker/oc-tannlegesenteret/,https://www.octannklinikker.no/klinikker/oc-tannlegesenteret/,,per_klinikk,
oc__bergen_nord,oc,OC Bergen Nord Tannhelsesenter,Åsamyrane 90,5116,Ulset,https://www.octannklinikker.no/klinikker/oc-bergen-nord-tannhelsesenter/,https://www.octannklinikker.no/klinikker/oc-bergen-nord-tannhelsesenter/,,per_klinikk,
oc__festningen,oc,OC Festningen Tannklinikk,Nedre Vollgt.1,0158,Oslo,https://www.octannklinikker.no/klinikker/oc-festningen-tannklinikk/,https://www.octannklinikker.no/klinikker/oc-festningen-tannklinikk/,,per_klinikk,
oc__torget_drammen,oc,OC Torget Tannlegesenter,Hauges gate 1,3019,Drammen,https://www.octannklinikker.no/klinikker/oc-torget-tannlegesenter/,https://www.octannklinikker.no/klinikker/oc-torget-tannlegesenter/,,per_klinikk,
oc__malmbryggen_arendal,oc,OC Malmbryggen Tannklinikk,Vestregate 2,4836,Arendal,https://www.octannklinikker.no/klinikker/oc-malmbryggen-tannklinikk/,https://www.octannklinikker.no/klinikker/oc-malmbryggen-tannklinikk/,,per_klinikk,
oc__klette_og_race_moss,oc,OC Tannlegene Klette og Race,Dronningensgate 17,1530,Moss,https://www.octannklinikker.no/klinikker/oc-tannlegene-klette-og-race/,https://www.octannklinikker.no/klinikker/oc-tannlegene-klette-og-race/,,per_klinikk,
oc__gimle_kristiansand,oc,OC Gimle Tannhelsesenter,Universitetsveien 3b,4630,Kristiansand,https://www.octannklinikker.no/klinikker/oc-gimle-tannhelsesenter/,https://www.octannklinikker.no/klinikker/oc-gimle-tannhelsesenter/,,per_klinikk,
oc__dronningens_kristiansand,oc,OC Dronningens Tannlegesenter,Dronningensgt. 4,4610,Kristiansand,https://www.octannklinikker.no/klinikker/oc-dronningens-tannlegesenter/,https://www.octannklinikker.no/klinikker/oc-dronningens-tannlegesenter/,,per_klinikk,
oc__markens_kristiansand,oc,OC Markens Tannlegesenter,Markens gate 42,4612,Kristiansand,https://www.octannklinikker.no/klinikker/oc-markens-tannlegesenter/,https://www.octannklinikker.no/klinikker/oc-markens-tannlegesenter/,,per_klinikk,
oc__gyldenloevesgate_kristiansand,oc,OC Tannlegene i Gyldenløvesgate,Gyldenløves gate 5,4611,Kristiansand,https://www.octannklinikker.no/klinikker/oc-tannlegene-i-gyldenlovesgate/,https://www.octannklinikker.no/klinikker/oc-tannlegene-i-gyldenlovesgate/,,per_klinikk,
oc__kolbotn,oc,OC Kolbotn Tannhelse,Ingierveien 6,1410,Kolbotn,https://www.octannklinikker.no/klinikker/oc-kolbotn-tannhelse/,https://www.octannklinikker.no/klinikker/oc-kolbotn-tannhelse/,,per_klinikk,
oc__bergen_storsenter,oc,OC Bergen Storsenter Tannlegepraksis,Thon Senter Bergen,5015,Bergen,https://www.octannklinikker.no/klinikker/oc-bergen-storsenter-tannlegepraksis/,https://www.octannklinikker.no/klinikker/oc-bergen-storsenter-tannlegepraksis/,,per_klinikk,
oc__skien,oc,OC Skien Tannhelse,Nedre Hjellegate 2,3724,Skien,https://www.octannklinikker.no/klinikker/oc-skien-tannhelse/,https://www.octannklinikker.no/klinikker/oc-skien-tannhelse/,,per_klinikk,
oc__iristannlegene,oc,OC Iristannlegene,Hamnevegen 48,5200,Osøyro,https://www.octannklinikker.no/klinikker/iristannlegene/,https://www.octannklinikker.no/klinikker/iristannlegene/,,per_klinikk,
odontia__aas,odontia,Odontia Aas,3.etg,1430,Ås,https://odontia.no/tannlege/aas,https://odontia.no/prisliste/tannlege-as,,per_klinikk,
odontia__asker,odontia,Odontia Asker,Torvveien 12,1383,Asker,https://odontia.no/tannlege/asker,https://odontia.no/prisliste/tannlege-asker/,,per_klinikk,
odontia__askim,odontia,Odontia Askim,Rådhusgata 23,1830,Askim,https://odontia.no/tannlege/askim,https://odontia.no/prisliste/prisliste-tannlege-askim/,,per_klinikk,
odontia__brumunddal,odontia,Odontia Brumunddal,Nygata 9,2380,Brumunddal,https://odontia.no/tannlege/brumunddal,https://odontia.no/prisliste/tannlege-brumunddal/,,per_klinikk,
odontia__drammen,odontia,Odontia Drammen,Torgeir Vraas Plass 6,3044,Drammen,https://odontia.no/tannlege/drammen,https://odontia.no/prisliste/tannlege-drammen/,,per_klinikk,
odontia__hamar,odontia,Odontia Hamar,Torggata 1,2317,Hamar,https://odontia.no/tannlege/hamar,https://odontia.no/prisliste/tannlege-hamar/,,per_klinikk,
odontia__honefoss,odontia,Odontia Honefoss,Storgata 19,3510,Hønefoss,https://odontia.no/tannlege/honefoss,https://odontia.no/prisliste/honefoss/,,per_klinikk,
odontia__hov,odontia,Odontia Hov,Sentrumsvegen 3,2860,Hov,https://odontia.no/tannlege/hov,https://odontia.no/prisliste/tannlege-hov/,,per_klinikk,
odontia__kristiansund,odontia,Odontia Kristiansund,,,,https://odontia.no/tannlege/kristiansund,https://odontia.no/prisliste/tannlege-kristiansund/,,per_klinikk,
odontia__kvernberget_kristiansund,odontia,Odontia Kvernberget Kristiansund,Rørgata 8,6517,Kristiansund,https://odontia.no/tannlege/kvernberget-kristiansund,https://odontia.no/prisliste/tannlege-kvernberget/,,per_klinikk,
odontia__larvik,odontia,Odontia Larvik,Prinsegata 3-5,3256,Larvik,https://odontia.no/tannlege/larvik,https://odontia.no/prisliste/tannlege-larvik/,,per_klinikk,
odontia__lillehammer_lilletorget,odontia,Odontia Lillehammer Lilletorget,Storgata 89,2615,Lillehammer,https://odontia.no/tannlege/lillehammer-lilletorget,https://odontia.no/prisliste/tannlege-lillehammer-lilletorget/,,per_klinikk,
odontia__lillehammer_tannhelse,odontia,Odontia Lillehammer Tannhelse,Nymosvingen 6,2609,Lillehammer,https://odontia.no/tannlege/lillehammer-tannhelse,https://odontia.no/prisliste/tannlege-lillehammer-tannhelse/,,per_klinikk,
odontia__lyngdal,odontia,Odontia Lyngdal,Kirkeveien 17,4580,Lyngdal,https://odontia.no/tannlege/lyngdal,https://odontia.no/prisliste/tannlege-lyngdal/,,per_klinikk,
odontia__moss_walle,odontia,Odontia Moss Walle,Gudes gate 1 B,1530,Moss,https://odontia.no/tannlege/moss-walle,https://odontia.no/prisliste/tannlege-moss-sentrum/,,per_klinikk,
odontia__oslo_stovner,odontia,Odontia Oslo Stovner,Stovner Senter 7,0985,Oslo,https://odontia.no/tannlege/oslo-stovner,https://odontia.no/prisliste/tannlege-stovner/,,per_klinikk,
odontia__oslo_ulleval,odontia,Odontia Oslo Ulleval,Kirkeveien 166,0450,Oslo,https://odontia.no/tannlege/oslo-ulleval,https://odontia.no/prisliste/tannlege-ulleval/,,per_klinikk,
odontia__roa,odontia,Odontia Roa,Vækerøveien 205A,0751,Oslo,https://odontia.no/tannlege/roa,https://odontia.no/prisliste/tannlege-roa/,,per_klinikk,
odontia__sandefjord,odontia,Odontia Sandefjord,Aagaards Plass 1,3211,Sandefjord,https://odontia.no/tannlege/sandefjord,https://odontia.no/prisliste/tannlege-sandefjord/,,per_klinikk,
odontia__sandvika,odontia,Odontia Sandvika,Brodtkorbsgate 7,1338,Sandvika,https://odontia.no/tannlege/sandvika,https://odontia.no/prisliste/tannlege-sandvika/,,per_klinikk,
odontia__sortland,odontia,Odontia Sortland,Kjøpmannsgata 22,8400,Sortland,https://odontia.no/tannlege/sortland,https://odontia.no/prisliste/tannlege-sortland/,,per_klinikk,
odontia__stange,odontia,Odontia Stange,Storgata 4,2335,Stange,https://odontia.no/tannlege/stange,https://odontia.no/prisliste/tannlege-stange/,,per_klinikk,
odontia__stokmarknes,odontia,Odontia Stokmarknes,Markedsgata 10,8450,Stokmarknes,https://odontia.no/tannlege/stokmarknes,https://odontia.no/prisliste/tannlege-sortland-2/,,per_klinikk,
odontia__strommen_storsenter,odontia,Odontia Strommen Storsenter,Støperiveien 5,2010,STRØMMEN,https://odontia.no/tannlege/strommen-storsenter,https://odontia.no/prisliste/tannlege-strommen/,,per_klinikk,
odontia__tonsberg,odontia,Odontia Tonsberg,Rambergveien 3,3115,Tønsberg,https://odontia.no/tannlege/tonsberg,https://odontia.no/prisliste/prisliste-avdeling-kaldnes/,,per_klinikk,
odontia__tromso_aba,odontia,Odontia Tromso Aba,Sjøgata 31-33,9008,Tromsø,https://odontia.no/tannlege/tromso-aba,https://odontia.no/prisliste/tannlege-tromso-aba/,,per_klinikk,
odontia__tromso_byporten,odontia,Odontia Tromso Byporten,Skippergata 32,9008,Tromsø,https://odontia.no/tannlege/tromso-byporten,https://odontia.no/prisliste/tannlege-tromso-byporten/,,per_klinikk,
odontia__varna,odontia,Odontia Varna,Lilleeng Helsepark,1523,Moss,https://odontia.no/tannlege/varna,https://odontia.no/prisliste/tannlege-moss-varna/,,per_klinikk,
odontia__volda,odontia,Odontia Volda,Hamnegata 5,6100,Volda,https://odontia.no/tannlege/volda,https://odontia.no/prisliste/tannlege-volda/,,per_klinikk,
colosseum__a1_tannlegen,colosseum,Colosseum A1 Tannlegen,Strømsbusletta 7B,4847,Arendal,https://colosseumtannlege.no/klinikker/agder/arendal/a1-tannlegen/,https://colosseumtannlege.no/priser-tannlegebehandling/,,peker_på_sentral,
colosseum__arendal_sentrum,colosseum,Colosseum Arendal Sentrum,Vestre gate 14,4838,Arendal,https://colosseumtannlege.no/klinikker/agder/arendal/arendal-sentrum/,https://colosseumtannlege.no/priser-tannlegebehandling/,,peker_på_sentral,
colosseum__kastell,colosseum,Colosseum Kastell,Langbryggen 5,4841,Arendal,https://colosseumtannlege.no/klinikker/agder/arendal/kastell/,https://colosseumtannlege.no/priser-tannlegebehandling/,,peker_på_sentral,
colosseum__kirkegaten,colosseum,Colosseum Kirkegaten,Kirkegaten 5,4836,Arendal,https://colosseumtannlege.no/klinikker/agder/arendal/kirkegaten/,https://colosseumtannlege.no/priser-tannlegebehandling/,,peker_på_sentral,
colosseum__gasholmen,colosseum,Colosseum Gasholmen,Barbros gate 13,4550,Farsund,https://colosseumtannlege.no/klinikker/agder/farsund/gasholmen/,https://colosseumtannlege.no/priser-tannlegebehandling/,,peker_på_sentral,
colosseum__marvika_torv,colosseum,Colosseum Marvika Torv,Industrigata 4,4632,Kristiansand,https://colosseumtannlege.no/klinikker/agder/kristiansand/marvika-torv/,https://colosseumtannlege.no/priser-tannlegebehandling/,,peker_på_sentral,
colosseum__sorlandsparken,colosseum,Colosseum Sorlandsparken,Barstølveien 36A,4636,Kristiansand,https://colosseumtannlege.no/klinikker/agder/kristiansand/sorlandsparken/,https://colosseumtannlege.no/priser-tannlegebehandling/,,peker_på_sentral,
colosseum__tannpaleet,colosseum,Colosseum Tannpaleet,Vestre Strandgate 32,4612,Kristiansand,https://colosseumtannlege.no/klinikker/agder/kristiansand/tannpaleet/,https://colosseumtannlege.no/priser-tannlegebehandling/,,peker_på_sentral,
colosseum__tollbodgata,colosseum,Colosseum Tollbodgata,Tollbodgata 23,4611,Kristiansand,https://colosseumtannlege.no/klinikker/agder/kristiansand/tollbodgata/,https://colosseumtannlege.no/priser-tannlegebehandling/,,peker_på_sentral,
colosseum__vestre_4_etasje,colosseum,Colosseum Vestre 4 Etasje,Vestre Strandgate 42,4612,Kristiansand,https://colosseumtannlege.no/klinikker/agder/kristiansand/vestre-4-etasje/,https://colosseumtannlege.no/priser-tannlegebehandling/,,peker_på_sentral,
colosseum__vestre_7_etasje,colosseum,Colosseum Vestre 7 Etasje,Vestre Strandgate 42,4612,Kristiansand,https://colosseumtannlege.no/klinikker/agder/kristiansand/vestre-7-etasje/,https://colosseumtannlege.no/priser-tannlegebehandling/,,peker_på_sentral,
colosseum__johnstons_gate,colosseum,Colosseum Johnstons Gate,Johnstons gate 3,4514,Mandal,https://colosseumtannlege.no/klinikker/agder/mandal/johnstons-gate/,https://colosseumtannlege.no/priser-tannlegebehandling/,,peker_på_sentral,
colosseum__hovedgata,colosseum,Colosseum Hovedgata,Hovedgata 36,4900,Tvedestrand,https://colosseumtannlege.no/klinikker/agder/tvedestrand/hovedgata/,https://colosseumtannlege.no/priser-tannlegebehandling/,,peker_på_sentral,
colosseum__asker_tannlege,colosseum,Colosseum Asker Tannlege,Erteløkka 1,1384,Asker,https://colosseumtannlege.no/klinikker/akershus/asker/asker-tannlege/,https://colosseumtannlege.no/priser-tannlegebehandling/,,peker_på_sentral,
colosseum__bekkestua_tannregulering,colosseum,Colosseum Bekkestua Tannregulering,Gamle Ringeriksvei 14B,1368,Stabekk,https://colosseumtannlege.no/klinikker/akershus/bekkestua/bekkestua-tannregulering/,https://colosseumtannlege.no/priser-tannlegebehandling/,,peker_på_sentral,
colosseum__amfi_bjorkeveien,colosseum,Colosseum Amfi Bjorkeveien,,,,https://colosseumtannlege.no/klinikker/akershus/bjorkelangen/amfi-bjorkeveien/,https://colosseumtannlege.no/priser-tannlegebehandling/,,peker_på_sentral,
colosseum__ringveien,colosseum,Colosseum Ringveien,Ringvegen 23,2066,Jessheim,https://colosseumtannlege.no/klinikker/akershus/jessheim/ringveien/,https://colosseumtannlege.no/priser-tannlegebehandling/,,peker_på_sentral,
colosseum__storsenter_tannregulering,colosseum,Colosseum Storsenter Tannregulering,,,,https://colosseumtannlege.no/klinikker/akershus/jessheim/storsenter-tannregulering/,https://colosseumtannlege.no/priser-tannlegebehandling/,,peker_på_sentral,
colosseum__dampsagveien,colosseum,Colosseum Dampsagveien,Dampsagveien 4,2000,Lillestrøm,https://colosseumtannlege.no/klinikker/akershus/lillestrom/dampsagveien/,https://colosseumtannlege.no/priser-tannlegebehandling/,,peker_på_sentral,
colosseum__hakonskastet,colosseum,Colosseum Hakonskastet,Håkonskastet 5,1453,Bjørnemyr,https://colosseumtannlege.no/klinikker/akershus/nesodden/hakonskastet/,https://colosseumtannlege.no/priser-tannlegebehandling/,,peker_på_sentral,
colosseum__tangen_senter,colosseum,Colosseum Tangen Senter,Vestveien 51,1452,Nesoddtangen,https://colosseumtannlege.no/klinikker/akershus/nesodden/tangen-senter/,https://colosseumtannlege.no/priser-tannlegebehandling/,,peker_på_sentral,
colosseum__trondheimsvegen,colosseum,Colosseum Trondheimsvegen,Trondheimsvegen 266,2070,Råholt,https://colosseumtannlege.no/klinikker/akershus/rahalt/trondheimsvegen/,https://colosseumtannlege.no/priser-tannlegebehandling/,,peker_på_sentral,
colosseum__radman_halmrastsvei,colosseum,Colosseum Radman Halmrastsvei,Rådmann Halmrasts vei 5,1337,Sandvika,https://colosseumtannlege.no/klinikker/akershus/sandvika/radman-halmrastsvei/,https://colosseumtannlege.no/priser-tannlegebehandling/,,peker_på_sentral,
colosseum__stjernesund,colosseum,Colosseum Stjernesund,Strømsveien 48,2010,Strømmen,https://colosseumtannlege.no/klinikker/akershus/strommen/stjernesund/,https://colosseumtannlege.no/priser-tannlegebehandling/,,peker_på_sentral,
colosseum__strommen_tannregulering,colosseum,Colosseum Strommen Tannregulering,Strømsveien 48,2010,Strømmen,https://colosseumtannlege.no/klinikker/akershus/strommen/strommen-tannregulering/,https://colosseumtannlege.no/priser-tannlegebehandling/,,peker_på_sentral,
colosseum__molleveien,colosseum,Colosseum Molleveien,Mølleveien 4,1540,Vestby,https://colosseumtannlege.no/klinikker/akershus/vestby/molleveien/,https://colosseumtannlege.no/priser-tannlegebehandling/,,peker_på_sentral,
colosseum__colosseum_tannlege_mjondalen,colosseum,Colosseum Colosseum Tannlege Mjondalen,,,,https://colosseumtannlege.no/klinikker/buskerud/drammen/colosseum-tannlege-mjondalen/,https://colosseumtannlege.no/priser-tannlegebehandling/,,peker_på_sentral,
colosseum__drammen_sentrum,colosseum,Colosseum Drammen Sentrum,,,,https://colosseumtannlege.no/klinikker/buskerud/drammen/drammen-sentrum/,https://colosseumtannlege.no/priser-tannlegebehandling/,,peker_på_sentral,
colosseum__gulskogen,colosseum,Colosseum Gulskogen,Guldlisten 35,3048,Drammen,https://colosseumtannlege.no/klinikker/buskerud/drammen/gulskogen/,https://colosseumtannlege.no/priser-tannlegebehandling/,,peker_på_sentral,
colosseum__ovre_tverrgate,colosseum,Colosseum Ovre Tverrgate,Øvre Tverrgate 6,3050,Mjøndalen,https://colosseumtannlege.no/klinikker/buskerud/drammen/ovre-tverrgate/,https://colosseumtannlege.no/priser-tannlegebehandling/,,peker_på_sentral,
colosseum__alesund_sentrum,colosseum,Colosseum Alesund Sentrum,Keiser Wilhelms gate 25,6003,Ålesund,https://colosseumtannlege.no/klinikker/more-og-romsdal/alesund/alesund-sentrum/,https://colosseumtannlege.no/priser-tannlegebehandling/,,peker_på_sentral,
colosseum__moa,colosseum,Colosseum Moa,Langelandsvegen 17,6010,Ålesund,https://colosseumtannlege.no/klinikker/more-og-romsdal/alesund/moa/,https://colosseumtannlege.no/priser-tannlegebehandling/,,peker_på_sentral,
colosseum__storgata_41,colosseum,Colosseum Storgata 41,Storgata 41,6508,Kristiansund,https://colosseumtannlege.no/klinikker/more-og-romsdal/kristiansund/storgata-41/,https://colosseumtannlege.no/priser-tannlegebehandling/,,peker_på_sentral,
colosseum__bjornstjerne_bjornsonsveg,colosseum,Colosseum Bjornstjerne Bjornsonsveg,Bjørnstjerne Bjørnsons veg 12,6412,Molde,https://colosseumtannlege.no/klinikker/more-og-romsdal/molde/bjornstjerne-bjornsonsveg/,https://colosseumtannlege.no/priser-tannlegebehandling/,,peker_på_sentral,
colosseum__carolusbygget,colosseum,Colosseum Carolusbygget,Bjørnstjerne Bjørnsons veg 6,6412,Molde,https://colosseumtannlege.no/klinikker/more-og-romsdal/molde/carolusbygget/,https://colosseumtannlege.no/priser-tannlegebehandling/,,peker_på_sentral,
colosseum__molde_sentrum,colosseum,Colosseum Molde Sentrum,Romsdalsgata 1,6413,Molde,https://colosseumtannlege.no/klinikker/more-og-romsdal/molde/molde-sentrum/,https://colosseumtannlege.no/priser-tannlegebehandling/,,peker_på_sentral,
colosseum__bankgata,colosseum,Colosseum Bankgata,,,,https://colosseumtannlege.no/klinikker/more-og-romsdal/stranda/bankgata/,https://colosseumtannlege.no/priser-tannlegebehandling/,,peker_på_sentral,
colosseum__storgata,colosseum,Colosseum Storgata,Storgata 5,6230,Sykkylven,https://colosseumtannlege.no/klinikker/more-og-romsdal/sykkylven/storgata/,https://colosseumtannlege.no/priser-tannlegebehandling/,,peker_på_sentral,
colosseum__bodo_tannregulering,colosseum,Colosseum Bodo Tannregulering,Sjøgata 6,8006,Bodø,https://colosseumtannlege.no/klinikker/nordland/bodo/bodo-tannregulering/,https://colosseumtannlege.no/priser-tannlegebehandling/,,peker_på_sentral,
colosseum__ramsalt,colosseum,Colosseum Ramsalt,Sjøgata 31,8006,Bodø,https://colosseumtannlege.no/klinikker/nordland/bodo/ramsalt/,https://colosseumtannlege.no/priser-tannlegebehandling/,,peker_på_sentral,
colosseum__fauske_sentrum,colosseum,Colosseum Fauske Sentrum,Eliasbakken 9,8200,Fauske,https://colosseumtannlege.no/klinikker/nordland/fauske/fauske-sentrum/,https://colosseumtannlege.no/priser-tannlegebehandling/,,peker_på_sentral,
colosseum__mo_sentrum,colosseum,Colosseum Mo Sentrum,Torggata 3,8622,Mo,https://colosseumtannlege.no/klinikker/nordland/mo-i-rana/mo-sentrum/,https://colosseumtannlege.no/priser-tannlegebehandling/,,peker_på_sentral,
colosseum__kongensgate_50,colosseum,Colosseum Kongensgate 50,Kongensgate 50,8514,Narvik,https://colosseumtannlege.no/klinikker/nordland/narvik/kongensgate-50/,https://colosseumtannlege.no/priser-tannlegebehandling/,,peker_på_sentral,
colosseum__kongensgate,colosseum,Colosseum Kongensgate,Kongensgate 52,8514,Narvik,https://colosseumtannlege.no/klinikker/nordland/narvik/kongensgate/,https://colosseumtannlege.no/priser-tannlegebehandling/,,peker_på_sentral,
colosseum__torvet,colosseum,Colosseum Torvet,Dronningensgate 46,8514,Narvik,https://colosseumtannlege.no/klinikker/nordland/narvik/torvet/,https://colosseumtannlege.no/priser-tannlegebehandling/,,peker_på_sentral,
colosseum__rognan_sentrum,colosseum,Colosseum Rognan Sentrum,Kirkegata 24,8250,Rognan,https://colosseumtannlege.no/klinikker/nordland/rognan/rognan-sentrum/,https://colosseumtannlege.no/priser-tannlegebehandling/,,peker_på_sentral,
colosseum__trygve_lies_plass,colosseum,Colosseum Trygve Lies Plass,Trygve Lies Plass 1,1051,Oslo,https://colosseumtannlege.no/klinikker/oslo/furuset/trygve-lies-plass/,https://colosseumtannlege.no/priser-tannlegebehandling/,,peker_på_sentral,
colosseum__sagveien,colosseum,Colosseum Sagveien,Sagveien 21a,0459,Oslo,https://colosseumtannlege.no/klinikker/oslo/iladalen/sagveien/,https://colosseumtannlege.no/priser-tannlegebehandling/,,peker_på_sentral,
colosseum__majorstuen_tannlege,colosseum,Colosseum Majorstuen Tannlege,Sørkedalsveien 10C,0369,Oslo,https://colosseumtannlege.no/klinikker/oslo/majorstuen/majorstuen-tannlege/,https://colosseumtannlege.no/priser-tannlegebehandling/,,peker_på_sentral,
colosseum__majorstuen_tannregulering,colosseum,Colosseum Majorstuen Tannregulering,Sørkedalsveien 10d,0369,Oslo,https://colosseumtannlege.no/klinikker/oslo/majorstuen/majorstuen-tannregulering/,https://colosseumtannlege.no/priser-tannlegebehandling/,,peker_på_sentral,
colosseum__saeter_tannregulering,colosseum,Colosseum Saeter Tannregulering,,,,https://colosseumtannlege.no/klinikker/oslo/nordstrand/saeter-tannregulering/,https://colosseumtannlege.no/priser-tannlegebehandling/,,peker_på_sentral,
colosseum__sandstuveien,colosseum,Colosseum Sandstuveien,Sandstuveien 60A,1184,Oslo,https://colosseumtannlege.no/klinikker/oslo/sandstuveien/,https://colosseumtannlege.no/priser-tannlegebehandling/,,peker_på_sentral,
colosseum__farmannsgate,colosseum,Colosseum Farmannsgate,,,,https://colosseumtannlege.no/klinikker/ostfold/fredrikstad/farmannsgate/,https://colosseumtannlege.no/priser-tannlegebehandling/,,peker_på_sentral,
colosseum__nygaardsgata,colosseum,Colosseum Nygaardsgata,,,,https://colosseumtannlege.no/klinikker/ostfold/fredrikstad/nygaardsgata/,https://colosseumtannlege.no/priser-tannlegebehandling/,,peker_på_sentral,
colosseum__orebekk,colosseum,Colosseum Orebekk,,,,https://colosseumtannlege.no/klinikker/ostfold/fredrikstad/orebekk/,https://colosseumtannlege.no/priser-tannlegebehandling/,,peker_på_sentral,
colosseum__storgata4,colosseum,Colosseum Storgata4,Storgata 4,1607,Fredrikstad,https://colosseumtannlege.no/klinikker/ostfold/fredrikstad/storgata4/,https://colosseumtannlege.no/priser-tannlegebehandling/,,peker_på_sentral,
colosseum__tannregulering,colosseum,Colosseum Tannregulering,,,,https://colosseumtannlege.no/klinikker/ostfold/fredrikstad/tannregulering/,https://colosseumtannlege.no/priser-tannlegebehandling/,,peker_på_sentral,
colosseum__colosseum_tannlege_moss,colosseum,Colosseum Colosseum Tannlege Moss,Gudes gate 1,1530,Moss,https://colosseumtannlege.no/klinikker/ostfold/moss/colosseum-tannlege-moss/,https://colosseumtannlege.no/priser-tannlegebehandling/,,peker_på_sentral,
colosseum__klyve_johansen,colosseum,Colosseum Klyve Johansen,Gudes gate 1,1530,Moss,https://colosseumtannlege.no/klinikker/ostfold/moss/klyve-johansen/,https://colosseumtannlege.no/priser-tannlegebehandling/,,peker_på_sentral,
colosseum__torkoppveien,colosseum,Colosseum Torkoppveien,Tørkoppveien 10,1570,Dilling,https://colosseumtannlege.no/klinikker/ostfold/moss/torkoppveien/,https://colosseumtannlege.no/priser-tannlegebehandling/,,peker_på_sentral,
colosseum__st_marie_gate,colosseum,Colosseum St Marie Gate,,,,https://colosseumtannlege.no/klinikker/ostfold/sarpsborg/st-marie-gate/,https://colosseumtannlege.no/priser-tannlegebehandling/,,peker_på_sentral,
colosseum__krambugata,colosseum,Colosseum Krambugata,Krambugata 1,4330,Ålgård,https://colosseumtannlege.no/klinikker/rogaland/algard/krambugata/,https://colosseumtannlege.no/priser-tannlegebehandling/,,peker_på_sentral,
colosseum__hovedgaten,colosseum,Colosseum Hovedgaten,Hovedgaten 53,4250,Kopervik,https://colosseumtannlege.no/klinikker/rogaland/karmoy/hovedgaten/,https://colosseumtannlege.no/priser-tannlegebehandling/,,peker_på_sentral,
colosseum__jon_torbergssons_vei,colosseum,Colosseum Jon Torbergssons Vei,,,,https://colosseumtannlege.no/klinikker/rogaland/randaberg/jon-torbergssons-vei/,https://colosseumtannlege.no/priser-tannlegebehandling/,,peker_på_sentral,
colosseum__langgata,colosseum,Colosseum Langgata,Langgata 18,4306,Sandnes,https://colosseumtannlege.no/klinikker/rogaland/sandnes/langgata/,https://colosseumtannlege.no/priser-tannlegebehandling/,,peker_på_sentral,
colosseum__solakrossen,colosseum,Colosseum Solakrossen,Solakrossen 14,4050,Sola,https://colosseumtannlege.no/klinikker/rogaland/sola/solakrossen/,https://colosseumtannlege.no/priser-tannlegebehandling/,,peker_på_sentral,
colosseum__vingveien,colosseum,Colosseum Vingveien,Postboks 166,4097,Sola,https://colosseumtannlege.no/klinikker/rogaland/sola/vingveien/,https://colosseumtannlege.no/priser-tannlegebehandling/,,peker_på_sentral,
colosseum__sentrum,colosseum,Colosseum Sentrum,St. Olavs Gate 7,4005,Stavanger,https://colosseumtannlege.no/klinikker/rogaland/stavanger/sentrum/,https://colosseumtannlege.no/priser-tannlegebehandling/,,peker_på_sentral,
colosseum__skien_tannlege,colosseum,Colosseum Skien Tannlege,Telemarksgata 12,3724,Skien,https://colosseumtannlege.no/klinikker/telemark/skien/skien-tannlege/,https://colosseumtannlege.no/priser-tannlegebehandling/,,peker_på_sentral,
colosseum__skien_tannregulering,colosseum,Colosseum Skien Tannregulering,Cappelens gate 15,3717,Skien,https://colosseumtannlege.no/klinikker/telemark/skien/skien-tannregulering/,https://colosseumtannlege.no/priser-tannlegebehandling/,,peker_på_sentral,
colosseum__tromso,colosseum,Colosseum Tromso,Alkevegen 8,9015,Tromsø,https://colosseumtannlege.no/klinikker/troms/tromso/,https://colosseumtannlege.no/priser-tannlegebehandling/,,peker_på_sentral,
colosseum__brekstad,colosseum,Colosseum Brekstad,,,,https://colosseumtannlege.no/klinikker/trondelag/fosen/brekstad/,https://colosseumtannlege.no/priser-tannlegebehandling/,,peker_på_sentral,
colosseum__kongens_gate,colosseum,Colosseum Kongens Gate,Kongens Gate 42,7713,Steinkjer,https://colosseumtannlege.no/klinikker/trondelag/steinkjer/kongens-gate/,https://colosseumtannlege.no/priser-tannlegebehandling/,,peker_på_sentral,
colosseum__innherredsveien,colosseum,Colosseum Innherredsveien,Innherredsveien 7a,7014,Trondheim,https://colosseumtannlege.no/klinikker/trondelag/trondheim/innherredsveien/,https://colosseumtannlege.no/priser-tannlegebehandling/,,peker_på_sentral,
colosseum__horten_smil_tannregulering,colosseum,Colosseum Horten Smil Tannregulering,,,,https://colosseumtannlege.no/klinikker/vestfold/horten/horten-smil-tannregulering/,https://colosseumtannlege.no/priser-tannlegebehandling/,,peker_på_sentral,
colosseum__trimveien,colosseum,Colosseum Trimveien,Trimveien 41B,3188,Horten,https://colosseumtannlege.no/klinikker/vestfold/horten/trimveien/,https://colosseumtannlege.no/priser-tannlegebehandling/,,peker_på_sentral,
colosseum__thor_dahls_gate,colosseum,Colosseum Thor Dahls Gate,Thor Dahls gate 1-3-5,3210,Sandefjord,https://colosseumtannlege.no/klinikker/vestfold/sandefjord/thor-dahls-gate/,https://colosseumtannlege.no/priser-tannlegebehandling/,,peker_på_sentral,
colosseum__tollbodgaten,colosseum,Colosseum Tollbodgaten,Tollbodgaten 22,3111,Tønsberg,https://colosseumtannlege.no/klinikker/vestfold/tonsberg/tollbodgaten/,https://colosseumtannlege.no/priser-tannlegebehandling/,,peker_på_sentral,
colosseum__tonsberg_smil_tannregulering,colosseum,Colosseum Tonsberg Smil Tannregulering,,,,https://colosseumtannlege.no/klinikker/vestfold/tonsberg/tonsberg-smil-tannregulering/,https://colosseumtannlege.no/priser-tannlegebehandling/,,peker_på_sentral,
colosseum__nattlandsfjellet,colosseum,Colosseum Nattlandsfjellet,Nattlandsfjellet 1 a,5098,Bergen,https://colosseumtannlege.no/klinikker/vestland/bergen/nattlandsfjellet/,https://colosseumtannlege.no/priser-tannlegebehandling/,,peker_på_sentral,
colosseum__tannlegehuset_landas,colosseum,Colosseum Tannlegehuset Landas,Nattlandsveien 76D,5094,Bergen,https://colosseumtannlege.no/klinikker/vestland/bergen/tannlegehuset-landas/,https://colosseumtannlege.no/priser-tannlegebehandling/,,peker_på_sentral,
colosseum__wallendahl,colosseum,Colosseum Wallendahl,Bergenhus,5013,Bergen,https://colosseumtannlege.no/klinikker/vestland/bergen/wallendahl/,https://colosseumtannlege.no/priser-tannlegebehandling/,,peker_på_sentral,
colosseum__hestenesgata,colosseum,Colosseum Hestenesgata,Hestenesgata 4,6900,Florø,https://colosseumtannlege.no/klinikker/vestland/floro/hestenesgata/,https://colosseumtannlege.no/priser-tannlegebehandling/,,peker_på_sentral,
colosseum__markegata,colosseum,Colosseum Markegata,Markegata 11,6905,Florø,https://colosseumtannlege.no/klinikker/vestland/floro/markegata/,https://colosseumtannlege.no/priser-tannlegebehandling/,,peker_på_sentral,
colosseum__parkvegen,colosseum,Colosseum Parkvegen,,,,https://colosseumtannlege.no/klinikker/vestland/sogndal/parkvegen/,https://colosseumtannlege.no/priser-tannlegebehandling/,,peker_på_sentral,
colosseum__straume,colosseum,Colosseum Straume,,,,https://colosseumtannlege.no/klinikker/vestland/sotra/straume/,https://colosseumtannlege.no/priser-tannlegebehandling/,,peker_på_sentral,
oris__aal,oris,Oris Aal,"""address"":""Myren 20B",3570,Ål,https://orisdental.no/klinikker/aal,https://orisdental.no/prisliste,,peker_på_sentral,
oris__arken_aasane_tannregulering,oris,Oris Arken Aasane Tannregulering,"""address"":""Åsane Senter 39",5116,Ulset,https://orisdental.no/klinikker/arken-aasane-tannregulering,https://orisdental.no/prisliste,,peker_på_sentral,
oris__askoy,oris,Oris Askoy,"""address"":""Juvikflaten 14a",5308,Kleppestø,https://orisdental.no/klinikker/askoy,https://orisdental.no/prisliste,,peker_på_sentral,
oris__bossekop,oris,Oris Bossekop,"""address"":""Bossekopveien 8",9513,Alta,https://orisdental.no/klinikker/bossekop,https://orisdental.no/prisliste,,peker_på_sentral,
oris__broegelmannhuset,oris,Oris Broegelmannhuset,"""address"":""Strandgaten 5",5013,Bergen,https://orisdental.no/klinikker/broegelmannhuset,https://orisdental.no/prisliste,,peker_på_sentral,
oris__brosundet,oris,Oris Brosundet,"""address"":""Notenesgata 3",6002,Ålesund,https://orisdental.no/klinikker/brosundet,https://orisdental.no/prisliste,,peker_på_sentral,
oris__bryn,oris,Oris Bryn,"""address"":""Østensjøveien 79",0667,Oslo,https://orisdental.no/klinikker/bryn,https://orisdental.no/prisliste,,peker_på_sentral,
oris__bryne,oris,Oris Bryne,"""address"":""Torget 1",4340,Bryne,https://orisdental.no/klinikker/bryne,https://orisdental.no/prisliste,,peker_på_sentral,
oris__bryne_tannregulering,oris,Oris Bryne Tannregulering,"""address"":""Torget 1",4340,Bryne,https://orisdental.no/klinikker/bryne-tannregulering,https://orisdental.no/prisliste,,peker_på_sentral,
oris__drammen,oris,Oris Drammen,"""address"":""Øvre Torggate 10",3017,Drammen,https://orisdental.no/klinikker/drammen,https://orisdental.no/prisliste,,peker_på_sentral,
oris__drammen_avd_landfalloya,oris,Oris Drammen Avd Landfalloya,"""address"":""Landfalløya 105",3023,Drammen,https://orisdental.no/klinikker/drammen-avd-landfalloya,https://orisdental.no/prisliste,,peker_på_sentral,
oris__egersund,oris,Oris Egersund,"""address"":""Torget 2",4370,Egersund,https://orisdental.no/klinikker/egersund,https://orisdental.no/prisliste,,peker_på_sentral,
oris__eikas,oris,Oris Eikas,"""address"":""Eidsgata 45",6770,Nordfjordeid,https://orisdental.no/klinikker/eikas,https://orisdental.no/prisliste,,peker_på_sentral,
oris__farmannsgate,oris,Oris Farmannsgate,"""address"":""Farmannsgate 2",1607,Fredrikstad,https://orisdental.no/klinikker/farmannsgate,https://orisdental.no/prisliste,,peker_på_sentral,
oris__fredrikstad,oris,Oris Fredrikstad,"""address"":""Jens Wilhelmsens gate 1",1671,Kråkerøy,https://orisdental.no/klinikker/fredrikstad,https://orisdental.no/prisliste,,peker_på_sentral,
oris__galleri_oslo,oris,Oris Galleri Oslo,4 et,0185,Oslo,https://orisdental.no/klinikker/galleri-oslo,https://orisdental.no/prisliste,,peker_på_sentral,
oris__godtannagol,oris,Oris Godtannagol,"""address"":""Gamlevegen 35",3550,Gol,https://orisdental.no/klinikker/godtannagol,https://orisdental.no/prisliste,,peker_på_sentral,
oris__gressvik,oris,Oris Gressvik,"""address"":""Gressvik Torg 36",1621,Gressvik,https://orisdental.no/klinikker/gressvik,https://orisdental.no/prisliste,,peker_på_sentral,
oris__gronnegata,oris,Oris Gronnegata,"""address"":""Grønnegata 32",9008,Tromsø,https://orisdental.no/klinikker/gronnegata,https://orisdental.no/prisliste,,peker_på_sentral,
oris__hamar,oris,Oris Hamar,"""address"":""Østregate 23",2317,Hamar,https://orisdental.no/klinikker/hamar,https://orisdental.no/prisliste,,peker_på_sentral,
oris__harstad_torv,oris,Oris Harstad Torv,"""address"":""Torvet 1B",9405,Harstad,https://orisdental.no/klinikker/harstad-torv,https://orisdental.no/prisliste,,peker_på_sentral,
oris__harstad_ved_havet,oris,Oris Harstad Ved Havet,"""address"":""Strandåkeren 21",9414,Harstad,https://orisdental.no/klinikker/harstad-ved-havet,https://orisdental.no/prisliste,,peker_på_sentral,
oris__harstadtannlegene,oris,Oris Harstadtannlegene,"""address"":""Storgata 9",9405,Harstad,https://orisdental.no/klinikker/harstadtannlegene,https://orisdental.no/prisliste,,peker_på_sentral,
oris__haugesund,oris,Oris Haugesund,"""address"":""Karsundsgaten 59B",5531,Haugesund,https://orisdental.no/klinikker/haugesund,https://orisdental.no/prisliste,,peker_på_sentral,
oris__hinna_park,oris,Oris Hinna Park,"""address"":""Laberget 28",4020,Stavanger,https://orisdental.no/klinikker/hinna-park,https://orisdental.no/prisliste,,peker_på_sentral,
oris__hokksund_tannregulering,oris,Oris Hokksund Tannregulering,"""address"":""Vestre Brugate 5",3300,Hokksund,https://orisdental.no/klinikker/hokksund-tannregulering,https://orisdental.no/prisliste,,peker_på_sentral,
oris__homansbyen,oris,Oris Homansbyen,"""address"":""Oscars gate 20",0352,Oslo,https://orisdental.no/klinikker/homansbyen,https://orisdental.no/prisliste,,peker_på_sentral,
oris__hvalertannlegene,oris,Oris Hvalertannlegene,"""address"":""Norderhaugveien 14",1684,Vesterøy,https://orisdental.no/klinikker/hvalertannlegene,https://orisdental.no/prisliste,,peker_på_sentral,
oris__indre_arna,oris,Oris Indre Arna,"""address"":""Indre Arna-vegen 170",5261,Indre,https://orisdental.no/klinikker/indre-arna,https://orisdental.no/prisliste,,peker_på_sentral,
oris__jorpeland,oris,Oris Jorpeland,"""address"":""Stålverksvegen 73",4100,Jørpeland,https://orisdental.no/klinikker/jorpeland,https://orisdental.no/prisliste,,peker_på_sentral,
oris__kjeveortoped_aavatsmark,oris,Oris Kjeveortoped Aavatsmark,"""address"":""Gymnasgata 1",7505,Stjørdal,https://orisdental.no/klinikker/kjeveortoped-aavatsmark,https://orisdental.no/prisliste,,peker_på_sentral,
oris__knapstad,oris,Oris Knapstad,"""address"":""Veigård 3",1823,Knapstad,https://orisdental.no/klinikker/knapstad,https://orisdental.no/prisliste,,peker_på_sentral,
oris__kolsas,oris,Oris Kolsas,"""address"":""Rødskiferveien 1",1352,Kolsås,https://orisdental.no/klinikker/kolsas,https://orisdental.no/prisliste,,peker_på_sentral,
oris__kristiansand,oris,Oris Kristiansand,"""address"":""Markensgate 17",4611,Kristiansand,https://orisdental.no/klinikker/kristiansand,https://orisdental.no/prisliste,,peker_på_sentral,
oris__kvadraturen_tannregulering,oris,Oris Kvadraturen Tannregulering,"""address"":""Markens gate 42",4612,Kristiansand,https://orisdental.no/klinikker/kvadraturen-tannregulering,https://orisdental.no/prisliste,,peker_på_sentral,
oris__leutenhaven,oris,Oris Leutenhaven,"""address"":""Kongensgate 49",7012,Trondheim,https://orisdental.no/klinikker/leutenhaven,https://orisdental.no/prisliste,,peker_på_sentral,
oris__lillehammer,oris,Oris Lillehammer,"""address"":""Kirkegata 55",2609,Lillehammer,https://orisdental.no/klinikker/lillehammer,https://orisdental.no/prisliste,,peker_på_sentral,
oris__lokketangen,oris,Oris Lokketangen,"""address"":""Løkketangen 12a",1337,Sandvika,https://orisdental.no/klinikker/lokketangen,https://orisdental.no/prisliste,,peker_på_sentral,
oris__lokkeveien,oris,Oris Lokkeveien,"""address"":""Løkkeveien 56",4008,Stavanger,https://orisdental.no/klinikker/lokkeveien,https://orisdental.no/prisliste,,peker_på_sentral,
oris__lykkegaarden,oris,Oris Lykkegaarden,"""address"":""Munkegata 48",7011,Trondheim,https://orisdental.no/klinikker/lykkegaarden,https://orisdental.no/prisliste,,peker_på_sentral,
oris__lysaker,oris,Oris Lysaker,"""address"":""Lysaker torg 5",1366,Lysaker,https://orisdental.no/klinikker/lysaker,https://orisdental.no/prisliste,,peker_på_sentral,
oris__maaloy,oris,Oris Maaloy,"""address"":""Gate 1 nr. 107",6700,Måløy,https://orisdental.no/klinikker/maaloy,https://orisdental.no/prisliste,,peker_på_sentral,
oris__madla,oris,Oris Madla,Madlamarkveien 2A,4041,Hafrsfjord,https://orisdental.no/klinikker/madla,https://orisdental.no/prisliste,,peker_på_sentral,
oris__martin_stage,oris,Oris Martin Stage,"""address"":""Madlakrossen 25",4042,Hafrsfjord,https://orisdental.no/klinikker/martin-stage,https://orisdental.no/prisliste,,peker_på_sentral,
oris__melhus,oris,Oris Melhus,"""address"":""Melhusvegen 451",7224,Melhus,https://orisdental.no/klinikker/melhus,https://orisdental.no/prisliste,,peker_på_sentral,
oris__mo_i_rana,oris,Oris Mo I Rana,"""address"":""Nordahl Griegs gate 6",8622,Mo,https://orisdental.no/klinikker/mo-i-rana,https://orisdental.no/prisliste,,peker_på_sentral,
oris__moa,oris,Oris Moa,"""address"":""Langelandsvegen 35",6010,Ålesund,https://orisdental.no/klinikker/moa,https://orisdental.no/prisliste,,peker_på_sentral,
oris__moelv,oris,Oris Moelv,"""address"":""Storgata 94",2390,Moelv,https://orisdental.no/klinikker/moelv,https://orisdental.no/prisliste,,peker_på_sentral,
oris__moss_spesialistklinikk,oris,Oris Moss Spesialistklinikk,"""address"":""Dronningens gate 19",1530,Moss,https://orisdental.no/klinikker/moss-spesialistklinikk,https://orisdental.no/prisliste,,peker_på_sentral,
oris__munkegata,oris,Oris Munkegata,"""address"":""Munkegata 9 (NB! Ny adresse fra 4. mai)",7013,Trondheim,https://orisdental.no/klinikker/munkegata,https://orisdental.no/prisliste,,peker_på_sentral,
oris__namsos_kjeveortopedi,oris,Oris Namsos Kjeveortopedi,"""address"":""Carl Gulbransonsgate 7",7800,Namsos,https://orisdental.no/klinikker/namsos-kjeveortopedi,https://orisdental.no/prisliste,,peker_på_sentral,
oris__narbo,oris,Oris Narbo,"""address"":""Opstadvegen 12 B",4365,Nærbø,https://orisdental.no/klinikker/narbo,https://orisdental.no/prisliste,,peker_på_sentral,
oris__narvik,oris,Oris Narvik,"""address"":""Dronningens gate 23",8514,Narvik,https://orisdental.no/klinikker/narvik,https://orisdental.no/prisliste,,peker_på_sentral,
oris__nationaltheatret_tannregulering,oris,Oris Nationaltheatret Tannregulering,"""address"":""Ruseløkkveien 6",0251,Oslo,https://orisdental.no/klinikker/nationaltheatret-tannregulering,https://orisdental.no/prisliste,,peker_på_sentral,
oris__nesttun,oris,Oris Nesttun,"""address"":""Østre Nesttunvegen 2",5221,Nesttun,https://orisdental.no/klinikker/nesttun,https://orisdental.no/prisliste,,peker_på_sentral,
oris__nittedal,oris,Oris Nittedal,"""address"":""Hagansenteret",1481,Hagan,https://orisdental.no/klinikker/nittedal,https://orisdental.no/prisliste,,peker_på_sentral,
oris__oralkirurgisk_klinikk,oris,Oris Oralkirurgisk Klinikk,"""address"":""Fridtjof Nansens vei 19",0369,Oslo,https://orisdental.no/klinikker/oralkirurgisk-klinikk,https://orisdental.no/prisliste,,peker_på_sentral,
oris__orkanger,oris,Oris Orkanger,"""address"":""Orkdalsveien 113",7300,Orkanger,https://orisdental.no/klinikker/orkanger,https://orisdental.no/prisliste,,peker_på_sentral,
oris__oyrane_torg,oris,Oris Oyrane Torg,"""address"":""Ådnavegen 63",5260,Indre,https://orisdental.no/klinikker/oyrane-torg,https://orisdental.no/prisliste,,peker_på_sentral,
oris__raufoss,oris,Oris Raufoss,"""address"":""Sagvollvegen 1",2830,Raufoss,https://orisdental.no/klinikker/raufoss,https://orisdental.no/prisliste,,peker_på_sentral,
oris__rommen,oris,Oris Rommen,3. et,0988,Oslo,https://orisdental.no/klinikker/rommen,https://orisdental.no/prisliste,,peker_på_sentral,
oris__ryen,oris,Oris Ryen,"""address"":""Ryensvingen 5",0680,Oslo,https://orisdental.no/klinikker/ryen,https://orisdental.no/prisliste,,peker_på_sentral,
oris__sandane,oris,Oris Sandane,"""address"":""Sagevegen 3",6823,Sandane,https://orisdental.no/klinikker/sandane,https://orisdental.no/prisliste,,peker_på_sentral,
oris__sanden,oris,Oris Sanden,"""address"":""Kongens gate 60",7012,Trondheim,https://orisdental.no/klinikker/sanden,https://orisdental.no/prisliste,,peker_på_sentral,
oris__sandnes,oris,Oris Sandnes,"""address"":""Langgata 3",4306,Sandnes,https://orisdental.no/klinikker/sandnes,https://orisdental.no/prisliste,,peker_på_sentral,
oris__sandsli_tannregulering,oris,Oris Sandsli Tannregulering,"""address"":""Sandslihaugen 10",5254,Sandsli,https://orisdental.no/klinikker/sandsli-tannregulering,https://orisdental.no/prisliste,,peker_på_sentral,
oris__sandvika_storsenter,oris,Oris Sandvika Storsenter,"""address"":""Sandviksveien 176",1337,Sandvika,https://orisdental.no/klinikker/sandvika-storsenter,https://orisdental.no/prisliste,,peker_på_sentral,
oris__sarpsborg,oris,Oris Sarpsborg,"""address"":""Kirkegata 63",1721,Sarpsborg,https://orisdental.no/klinikker/sarpsborg,https://orisdental.no/prisliste,,peker_på_sentral,
oris__sirkus_shopping,oris,Oris Sirkus Shopping,"""address"":""Falkenborgvegen 9",7044,Trondheim,https://orisdental.no/klinikker/sirkus-shopping,https://orisdental.no/prisliste,,peker_på_sentral,
oris__ski,oris,Oris Ski,"""address"":""Sentrumsveien 4",1400,Ski,https://orisdental.no/klinikker/ski,https://orisdental.no/prisliste,,peker_på_sentral,
oris__ski_asenveien_2_etasje,oris,Oris Ski Asenveien 2 Etasje,2. etasje,1400,Ski,https://orisdental.no/klinikker/ski-asenveien-2-etasje,https://orisdental.no/prisliste,,peker_på_sentral,
oris__ski_asenveien_3_etasje,oris,Oris Ski Asenveien 3 Etasje,3. etasje,1400,Ski,https://orisdental.no/klinikker/ski-asenveien-3-etasje,https://orisdental.no/prisliste,,peker_på_sentral,
oris__ski_kjeveortopedi,oris,Oris Ski Kjeveortopedi,"""address"":""Idrettsveien 7",1400,Ski,https://orisdental.no/klinikker/ski-kjeveortopedi,https://orisdental.no/prisliste,,peker_på_sentral,
oris__skoyen,oris,Oris Skoyen,"""address"":""Karenslyst allé 9 C",0278,Oslo,https://orisdental.no/klinikker/skoyen,https://orisdental.no/prisliste,,peker_på_sentral,
oris__slemmestad,oris,Oris Slemmestad,"""address"":""Kirkealleen 1",3470,Slemmestad,https://orisdental.no/klinikker/slemmestad,https://orisdental.no/prisliste,,peker_på_sentral,
oris__sogne,oris,Oris Sogne,"""address"":""Rådhusveien 37",4640,Søgne,https://orisdental.no/klinikker/sogne,https://orisdental.no/prisliste,,peker_på_sentral,
oris__sortland,oris,Oris Sortland,"""address"":""Torggata 19",8400,Sortland,https://orisdental.no/klinikker/sortland,https://orisdental.no/prisliste,,peker_på_sentral,
oris__stoa,oris,Oris Stoa,"""address"":""Stoaveien 45",4848,Arendal,https://orisdental.no/klinikker/stoa,https://orisdental.no/prisliste,,peker_på_sentral,
oris__stokmarknes,oris,Oris Stokmarknes,"""address"":""Markedsgata 11A",8450,Stokmarknes,https://orisdental.no/klinikker/stokmarknes,https://orisdental.no/prisliste,,peker_på_sentral,
oris__stord_heiane,oris,Oris Stord Heiane,"""address"":""Heiane 31",5412,Stord,https://orisdental.no/klinikker/stord-heiane,https://orisdental.no/prisliste,,peker_på_sentral,
oris__stord_leirvik,oris,Oris Stord Leirvik,"""address"":""Borggata 9",5417,Stord,https://orisdental.no/klinikker/stord-leirvik,https://orisdental.no/prisliste,,peker_på_sentral,
oris__tannlege_i_bergen_sentrum,oris,Oris Tannlege I Bergen Sentrum,"""address"":""Strandgaten 5",5013,Bergen,https://orisdental.no/klinikker/tannlege-i-bergen-sentrum,https://orisdental.no/prisliste,,peker_på_sentral,
oris__tannlege_levanger,oris,Oris Tannlege Levanger,"""address"":""Sjøgata 2B",7600,Levanger,https://orisdental.no/klinikker/tannlege-levanger,https://orisdental.no/prisliste,,peker_på_sentral,
oris__tannteam_spesialistklinikk,oris,Oris Tannteam Spesialistklinikk,"""address"":""Østre Nesttunvegen 14",5221,Bergen,https://orisdental.no/klinikker/tannteam-spesialistklinikk,https://orisdental.no/prisliste,,peker_på_sentral,
oris__tarnplassen,oris,Oris Tarnplassen,"""address"":""Valkendorfsgaten 5",5012,Bergen,https://orisdental.no/klinikker/tarnplassen,https://orisdental.no/prisliste,,peker_på_sentral,
oris__tonsberg,oris,Oris Tonsberg,"""address"":""Øvre Langgate 50",3110,Tønsberg,https://orisdental.no/klinikker/tonsberg,https://orisdental.no/prisliste,,peker_på_sentral,
oris__trondheim_spesialistklinikk,oris,Oris Trondheim Spesialistklinikk,"""address"":""Fosenkaia 3",7010,Trondheim,https://orisdental.no/klinikker/trondheim-spesialistklinikk,https://orisdental.no/prisliste,,peker_på_sentral,
oris__vagsbygd,oris,Oris Vagsbygd,"""address"":""Kirsten Flagstads vei 1",4621,Kristiansand,https://orisdental.no/klinikker/vagsbygd,https://orisdental.no/prisliste,,peker_på_sentral,
oris__vestkanten,oris,Oris Vestkanten,"""address"":""Lyderhornsveien 353",5171,Loddefjord,https://orisdental.no/klinikker/vestkanten,https://orisdental.no/prisliste,,peker_på_sentral,
oris__voyenenga,oris,Oris Voyenenga,,,,https://orisdental.no/klinikker/voyenenga,https://orisdental.no/prisliste,,peker_på_sentral,
single__oslo_tannlegesenter,single,Oslo Tannlegesenter,,,,https://oslotannlegesenter.no,https://oslotannlegesenter.no/tannlege-priser/,,per_klinikk,DeepSeek-extracted from https://oslotannlegesenter.no (confidence=high)
single__smil_tannlegesenter,single,Smil Tannlegesenter,,,,https://www.smiltannlegesenter.no,https://www.smiltannlegesenter.no/prisliste,,per_klinikk,DeepSeek-extracted from https://www.smiltannlegesenter.no (confidence=high)
single__clear_tannlegesenter,single,Clear Tannlegesenter,,,,https://www.cleartannlegesenter.no,https://www.cleartannlegesenter.no/tannlegepriser,,per_klinikk,DeepSeek-extracted from https://www.cleartannlegesenter.no (confidence=high)
single__blid,single,Blid Tannhelse,,,,https://www.blid.no,https://www.blid.no/behandlinger-og-prisliste,,per_klinikk,DeepSeek-extracted from https://www.blid.no (confidence=high)
single__tanntunet,single,Tanntunet Tannhelsesenter,,,,https://tanntunet.no,https://tanntunet.no/priser/,,per_klinikk,DeepSeek-extracted from https://tanntunet.no (confidence=high)
single__majorstua_tannlegene,single,Majorstua Tannlegene,,,,https://majorstuatannlegene.no,https://majorstuatannlegene.no/tannlege-priser/,,per_klinikk,DeepSeek-extracted from https://majorstuatannlegene.no (confidence=high)
single__nydalen_tannlegesenter,single,Nydalen Tannlegesenter,,,,https://nydalentannlegesenter.no,https://nydalentannlegesenter.no/priser,,per_klinikk,DeepSeek-extracted from https://nydalentannlegesenter.no (confidence=high)
single__dentalia,single,Dentalia,,,,https://dentalia.no,https://dentalia.no/prisliste/,,per_klinikk,DeepSeek-extracted from https://dentalia.no (confidence=high)
single__oralcare,single,OralCare Linderud,,,,https://oralcare.no,https://oralcare.no/pris/,,per_klinikk,DeepSeek-extracted from https://oralcare.no (confidence=high)
single__toyen_tannlegevakt,single,Tøyen Tannlegevakt,,,,https://www.toyentannlegevakt.no,https://www.toyentannlegevakt.no/priser/prisliste,,per_klinikk,DeepSeek-extracted from https://www.toyentannlegevakt.no (confidence=high)
single__nordstrand_tannlegesenter,single,Nordstrand Tannlegesenter,,,,https://nordstrandtannlegesenter.no,https://nordstrandtannlegesenter.no/tannlege-priser/,,per_klinikk,DeepSeek-extracted from https://nordstrandtannlegesenter.no (confidence=high)
single__slemdal_tannlegesenter,single,Slemdal Tannlegesenter,,,,https://slemdaltannlegesenter.no,https://slemdaltannlegesenter.no/priser,,per_klinikk,DeepSeek-extracted from https://slemdaltannlegesenter.no (confidence=high)
single__orbdent,single,Orbdent Oslo,,,,https://orbdent.no,https://orbdent.no/priser/,,per_klinikk,DeepSeek-extracted from https://orbdent.no (confidence=high)
single__tann_og_kjeve,single,Tann- og kjeveklinikken (Rommen),,,,https://tannlegerommen.no,https://tannlegerommen.no/priser,,per_klinikk,DeepSeek-extracted from https://tannlegerommen.no (confidence=medium)
